store,flyer_id,item_id,name,brand,price,original_price,pre_price_text,post_price_text,display_price,sale_story,valid_from,valid_to,page_number,left,top,right,bottom,cutout_image_url
FreshCo,8075629,1032100891,"3 L Basket Field Tomatoes, White Potatoes or Pickling Cucumbers Product of Ontario Canada No. 1",,5.99,,,,$5.99,,2026-08-13T00:00:00-04:00,2026-08-19T23:59:59-04:00,,4791.56,-381.15,5327.12,-932.92,http://f.wishabi.net/page_items/430043236/1786320967/extra_large.jpg
FreshCo,8075629,1032100871,Allen's Apple Juice 1.89 L or Kiju Organic 100% Juice 1 L,Allen's | Kiju,2.99,,,,$2.99,,2026-08-13T00:00:00-04:00,2026-08-19T23:59:59-04:00,,3596.23,-755.97,3964.66,-1078.46,http://f.wishabi.net/page_items/430043216/1786320968/extra_large.jpg
FreshCo,8075629,1032100869,Armstrong Cheese Snacks 210 g Selected Varieties,Armstrong,4.49,,,,$4.49,,2026-08-13T00:00:00-04:00,2026-08-19T23:59:59-04:00,,4148.83,-1090.02,4425.49,-1415.29,http://f.wishabi.net/page_items/430043214/1786320967/extra_large.jpg
FreshCo,8075629,1032100822,"Axe Deodorant or Body Spray 76-113 g, Shampoo 473 mL or Body Wash 473 mL",Axe,3.99,,,,$3.99,,2026-08-13T00:00:00-04:00,2026-08-19T23:59:59-04:00,,1777.43,-694.07,2052.84,-994.18,http://f.wishabi.net/page_items/430043167/1786320967/extra_large.jpg
FreshCo,8075629,1032100797,"Bagged Corn 8 pk Product of Ontario, Canada No. 1",,2.99,,,,$2.99,,2026-08-13T00:00:00-04:00,2026-08-19T23:59:59-04:00,,46.87,-713.67,601.24,-1166.97,http://f.wishabi.net/page_items/430043142/1786320961/extra_large.jpg
FreshCo,8075629,1032100937,Baltic Herring Fillets Frozen 1 Kg,Baltic,13.99,,,,$13.99,,2026-08-13T00:00:00-04:00,2026-08-19T23:59:59-04:00,,9327.44,-772.2,9846.05,-1077.35,http://f.wishabi.net/page_items/430043281/1786320973/extra_large.jpg
FreshCo,8075629,1032100939,Baltic Smoked Mackerel Frozen 400 g,Baltic,10.49,,,,$10.49,,2026-08-13T00:00:00-04:00,2026-08-19T23:59:59-04:00,,9588.06,-1084.67,9848.17,-1438.6,http://f.wishabi.net/page_items/430043283/1786320975/extra_large.jpg
FreshCo,8075629,1032100863,"Barilla, Catelli Classic, Smart or Healthy Harvest Pasta 375-454 g",Barilla | Catelli,1.99,,,,$1.99,,2026-08-13T00:00:00-04:00,2026-08-19T23:59:59-04:00,,4148.38,-1421.45,4425.15,-1745.41,http://f.wishabi.net/page_items/430043208/1786320963/extra_large.jpg
FreshCo,8075629,1032100866,Baskin Robbins Ice Cream 946 mL or Novelties 4x125 mL,Baskin Robbins,9.99,,,,$9.99,,2026-08-13T00:00:00-04:00,2026-08-19T23:59:59-04:00,,3960.45,-420.43,4329.22,-749.27,http://f.wishabi.net/page_items/430043211/1786320965/extra_large.jpg
FreshCo,8075629,1032100935,Belevini Smoked Sprats 240 g,Belevini,3.79,,,,$3.79,,2026-08-13T00:00:00-04:00,2026-08-19T23:59:59-04:00,,8806.0,-1087.04,9068.43,-1435.07,http://f.wishabi.net/page_items/430043279/1786320972/extra_large.jpg
FreshCo,8075629,1032100887,Blue Plums 1.5 L Product of Ontario Canada No. 1,,5.99,,,,$5.99,,2026-08-13T00:00:00-04:00,2026-08-19T23:59:59-04:00,,5325.59,-381.17,5844.91,-922.51,http://f.wishabi.net/page_items/430043232/1786320964/extra_large.jpg
FreshCo,8075629,1032100859,"Blueberries Pint Product of Canada, Canada No. 1 or Raspberries 170 g Product of USA or Mexico",,3.99,,,,$3.99,,2026-08-13T00:00:00-04:00,2026-08-19T23:59:59-04:00,,2410.91,-88.8,2958.38,-414.25,http://f.wishabi.net/page_items/430043204/1786320978/extra_large.jpg
FreshCo,8075629,1032100798,Boneless Skinless Chicken Breasts 4 pieces,,10.0,,,,$10.0,,2026-08-13T00:00:00-04:00,2026-08-19T23:59:59-04:00,,49.33,-253.72,594.99,-710.49,http://f.wishabi.net/page_items/430043143/1786320962/extra_large.jpg
FreshCo,8075629,1032100924,Borjomi Carbonated Natural Mineral Water 500 mL,Borjomi,2.49,,,,$2.49,,2026-08-13T00:00:00-04:00,2026-08-19T23:59:59-04:00,,9069.57,-1440.38,9327.3,-1790.7,http://f.wishabi.net/page_items/430043270/1786320965/extra_large.jpg
FreshCo,8075629,1032100932,Borjomi Limonati Mineral Water 330 mL,Borjomi,1.99,,,,$1.99,,2026-08-13T00:00:00-04:00,2026-08-19T23:59:59-04:00,,8808.18,-1440.02,9068.29,-1791.2,http://f.wishabi.net/page_items/430043276/1786320970/extra_large.jpg
FreshCo,8075629,1032100834,Bounty Paper Towels 6=12 rolls,Bounty,,,,,,,2026-08-13T00:00:00-04:00,2026-08-19T23:59:59-04:00,,1923.62,-2108.92,2338.24,-2332.77,http://f.wishabi.net/page_items/430043179/1786320975/extra_large.jpg
FreshCo,8075629,1032100938,Cactus Pears Product of USA or Black or Green Figs Product of USA,,11.99,,,,$11.99,,2026-08-13T00:00:00-04:00,2026-08-19T23:59:59-04:00,,8801.27,-745.74,9329.78,-1077.83,http://f.wishabi.net/page_items/430043282/1786320974/extra_large.jpg
FreshCo,8075629,1032100861,Campbell's Broth 900 mL,Campbell's,1.88,,,,$1.88,,2026-08-13T00:00:00-04:00,2026-08-19T23:59:59-04:00,,3597.8,-1422.04,3869.4,-1747.87,http://f.wishabi.net/page_items/430043206/1786320961/extra_large.jpg
FreshCo,8075629,1032100873,Campbell's Chunky Soup 515 ml or Habitant Soup 796 mL,Campbell's | Habitant,2.99,,,,$2.99,,2026-08-13T00:00:00-04:00,2026-08-19T23:59:59-04:00,,4331.49,-422.38,4703.39,-745.53,http://f.wishabi.net/page_items/430043218/1786320969/extra_large.jpg
FreshCo,8075629,1032100811,"Campbell's Regular or Spicy Tomato, Alphabet Vegetable, Regular or Spicy Chicken Noodle or Cream of Mushroom Soup 284 mL",Campbell's,0.95,,,,$0.95,,2026-08-13T00:00:00-04:00,2026-08-19T23:59:59-04:00,,869.58,-1572.16,1143.04,-1853.53,http://f.wishabi.net/page_items/430043156/1786320969/extra_large.jpg
FreshCo,8075629,1032100808,Cardinal Quarter Pound Beef Burgers 678 g,Cardinal,8.0,,,,$8.0,,2026-08-13T00:00:00-04:00,2026-08-19T23:59:59-04:00,,40.03,-1576.01,314.15,-1857.87,http://f.wishabi.net/page_items/430043153/1786320968/extra_large.jpg
FreshCo,8075629,1032100870,Cashmere Bathroom Tissue 12-36 Rolls or SpongeTowels 4-8 pk,Cashmere | SpongeTowels,12.99,,,,$12.99,,2026-08-13T00:00:00-04:00,2026-08-19T23:59:59-04:00,,3959.91,-2086.47,4330.67,-2418.98,http://f.wishabi.net/page_items/430043215/1786320967/extra_large.jpg
FreshCo,8075629,1032100845,Castello Sliced Cheese 125-165 g,Castello,5.0,,,,$5.0,,2026-08-13T00:00:00-04:00,2026-08-19T23:59:59-04:00,,2962.86,-1756.41,3239.17,-2082.43,http://f.wishabi.net/page_items/430043190/1786320968/extra_large.jpg
FreshCo,8075629,1032100879,Christie Family Cookies Selected Varieties 285-500 g or Dad's Family Cookies Selected Varieties 500-520 g,Mr. Christie's,4.49,,,,$4.49,,2026-08-13T00:00:00-04:00,2026-08-19T23:59:59-04:00,,4332.19,-753.6,4702.94,-1076.63,http://f.wishabi.net/page_items/430043224/1786320974/extra_large.jpg
FreshCo,8075629,1032100807,Classico Pasta Sauce 218-600 mL,Classico,2.97,,,,$2.97,,2026-08-13T00:00:00-04:00,2026-08-19T23:59:59-04:00,,775.42,-1285.46,1141.94,-1569.55,http://f.wishabi.net/page_items/430043152/1786320967/extra_large.jpg
FreshCo,8075629,1032100819,Clover Leaf Flaked Light Tuna in Olive Oil 142 g,Clover Leaf,1.99,,,,$1.99,,2026-08-13T00:00:00-04:00,2026-08-19T23:59:59-04:00,,1497.23,-695.53,1774.19,-994.35,http://f.wishabi.net/page_items/430043164/1786320965/extra_large.jpg
FreshCo,8075629,1032100816,Coca-Cola Soft Drinks Mini Cans 6x222 mL,Coca-Cola,4.29,,,,$4.29,,2026-08-13T00:00:00-04:00,2026-08-19T23:59:59-04:00,,1222.26,-1424.57,1591.33,-1760.95,http://f.wishabi.net/page_items/430043161/1786320964/extra_large.jpg
FreshCo,8075629,1032100881,"Coca-Cola, Canada Dry or Pepsi Soft Drinks 12x355 mL Selected Varieties",Coca-Cola | Canada Dry | Pepsi,7.99,,,,$7.99,,2026-08-13T00:00:00-04:00,2026-08-19T23:59:59-04:00,,3597.29,-86.53,4145.25,-411.53,http://f.wishabi.net/page_items/430043226/1786320975/extra_large.jpg
FreshCo,8075629,1032100917,Colgate Toothpaste 52-95 ml or Extra Clean Toothbrush 1 ea Selected Varieties,Colgate,1.29,,,,$1.29,,2026-08-13T00:00:00-04:00,2026-08-19T23:59:59-04:00,,8435.55,-1795.37,8697.0,-2141.77,http://f.wishabi.net/page_items/430043263/1786320974/extra_large.jpg
FreshCo,8075629,1032100908,"Colgate Total Toothpaste 70-150 ml, Optic White Toothpaste 90 ml or 360 Toothbrush 1 ea Selected Varieties",Colgate,3.49,,,,$3.49,,2026-08-13T00:00:00-04:00,2026-08-19T23:59:59-04:00,,8001.07,-2150.91,8344.48,-2497.47,http://f.wishabi.net/page_items/430043254/1786320967/extra_large.jpg
FreshCo,8075629,1032100854,"Compliments Beef, Chicken or Turkey Burgers Frozen 680-907 g",Compliments,13.99,,,,$13.99,,2026-08-13T00:00:00-04:00,2026-08-19T23:59:59-04:00,,3241.01,-1421.45,3513.58,-1747.71,http://f.wishabi.net/page_items/430043199/1786320974/extra_large.jpg
FreshCo,8075629,1032100889,"Compliments Carrots or Yellow Onions 3 lb Bag Product of Ontario, Canada No. 1 1.36 kg",Compliments,2.99,,,,$2.99,,2026-08-13T00:00:00-04:00,2026-08-19T23:59:59-04:00,,5320.58,-932.73,5845.23,-1432.45,http://f.wishabi.net/page_items/430043234/1786320965/extra_large.jpg
FreshCo,8075629,1032100804,Compliments Cheese Bars 400 g or Shredded Cheese 226-320 g,Compliments,4.99,,,,$4.99,,2026-08-13T00:00:00-04:00,2026-08-19T23:59:59-04:00,,40.62,-1857.62,313.61,-2136.36,http://f.wishabi.net/page_items/430043149/1786320965/extra_large.jpg
FreshCo,8075629,1032100833,Compliments Cooked Shrimp with Sauce 680 g,Compliments,,,,,,,2026-08-13T00:00:00-04:00,2026-08-19T23:59:59-04:00,,1539.39,-2112.24,1920.51,-2337.25,http://f.wishabi.net/page_items/430043178/1786320974/extra_large.jpg
FreshCo,8075629,1032100809,"Compliments Cooked or Raw Pacific White Shrimp Frozen 340 g, Bay Scallops Frozen 340 g, Shrimp with Cocktail Sauce Frozen 312 g or Janes Breaded or Battered Fish, Selected Varieties, Frozen 450-510 g",Compliments | Janes,5.99,,,,$5.99,,2026-08-13T00:00:00-04:00,2026-08-19T23:59:59-04:00,,40.68,-1285.1,407.67,-1568.61,http://f.wishabi.net/page_items/430043154/1786320968/extra_large.jpg
FreshCo,8075629,1032100858,Compliments Dell Meats 175 g or Piller's Salami 125 g Selected Varieties,Compliments | Piller's,3.49,,,,$3.49,,2026-08-13T00:00:00-04:00,2026-08-19T23:59:59-04:00,,2684.79,-1752.71,2959.59,-2081.94,http://f.wishabi.net/page_items/430043203/1786320977/extra_large.jpg
FreshCo,8075629,1032100837,Compliments Extra Lean Minced Turkey 450 g,Compliments,8.0,,,,$8.0,,2026-08-13T00:00:00-04:00,2026-08-19T23:59:59-04:00,,2683.75,-1087.14,2960.6,-1416.48,http://f.wishabi.net/page_items/430043182/1786320963/extra_large.jpg
FreshCo,8075629,1032100892,Compliments Fudge Ice Milk Bars 24 pk,Compliments,7.99,,,,$7.99,,2026-08-13T00:00:00-04:00,2026-08-19T23:59:59-04:00,,6368.82,-1474.15,6740.42,-1955.52,http://f.wishabi.net/page_items/430043237/1786320965/extra_large.jpg
FreshCo,8075629,1032100805,Compliments Ice Cream 1.5 L,Compliments,2.99,,,,$2.99,,2026-08-13T00:00:00-04:00,2026-08-19T23:59:59-04:00,,592.42,-1856.65,869.66,-2138.22,http://f.wishabi.net/page_items/430043150/1786320966/extra_large.jpg
FreshCo,8075629,1032100893,Compliments Ice Cream Pops Assorted I2 pk,Compliments,4.49,,,,$4.49,,2026-08-13T00:00:00-04:00,2026-08-19T23:59:59-04:00,,5996.11,-1476.34,6365.79,-1955.29,http://f.wishabi.net/page_items/430043238/1786320965/extra_large.jpg
FreshCo,8075629,1032100898,Compliments Moxii Ice Pops 75 mL,Compliments,4.49,,,,$4.49,,2026-08-13T00:00:00-04:00,2026-08-19T23:59:59-04:00,,5987.82,-512.77,6752.61,-985.31,http://f.wishabi.net/page_items/430043243/1786320968/extra_large.jpg
FreshCo,8075629,1032100847,Compliments Spring Mix or Baby Spinach 312 g Product of Canada,Compliments,5.0,,,,$5.0,,2026-08-13T00:00:00-04:00,2026-08-19T23:59:59-04:00,,2685.36,-423.37,2959.84,-750.72,http://f.wishabi.net/page_items/430043192/1786320970/extra_large.jpg
FreshCo,8075629,1032100897,Compliments Twin Ice Pops 12 pk,Compliments,3.49,,,,$3.49,,2026-08-13T00:00:00-04:00,2026-08-19T23:59:59-04:00,,6751.86,-517.78,7504.95,-984.18,http://f.wishabi.net/page_items/430043242/1786320967/extra_large.jpg
FreshCo,8075629,1032100882,Crave Frozen Meals 200-340 g,Crave,3.99,,,,$3.99,,2026-08-13T00:00:00-04:00,2026-08-19T23:59:59-04:00,,3960.41,-1754.77,4328.25,-2083.37,http://f.wishabi.net/page_items/430043227/1786320976/extra_large.jpg
FreshCo,8075629,1032100914,Crest 3D-White Mouthwash 473 mL or Oral-B Cross Action Toothbrush 2 pk Selected Varieties,Crest | Oral-B,9.99,,,,$9.99,,2026-08-13T00:00:00-04:00,2026-08-19T23:59:59-04:00,,7649.04,-2151.31,7999.71,-2496.39,http://f.wishabi.net/page_items/430043260/1786320972/extra_large.jpg
FreshCo,8075629,1032100916,Crest Pro-Health Rinse I L or Gum Detoxify Toothpaste 110 mL Selected Varieties,Crest,6.99,,,,$6.99,,2026-08-13T00:00:00-04:00,2026-08-19T23:59:59-04:00,,8347.43,-2152.02,8698.72,-2495.72,http://f.wishabi.net/page_items/430043262/1786320973/extra_large.jpg
FreshCo,8075629,1032100855,Crispy Pound Cake 368-420 g,,2.99,,,,$2.99,,2026-08-13T00:00:00-04:00,2026-08-19T23:59:59-04:00,,3239.19,-2087.16,3512.08,-2418.28,http://f.wishabi.net/page_items/430043200/1786320975/extra_large.jpg
FreshCo,8075629,1032100827,Dan-D Pak Cashews Salted or Unsalted 454 g,Dan-D Pak,6.98,,,,$6.98,,2026-08-13T00:00:00-04:00,2026-08-19T23:59:59-04:00,,2052.93,-81.73,2328.7,-382.92,http://f.wishabi.net/page_items/430043172/1786320970/extra_large.jpg
FreshCo,8075629,1032100814,Del Monte Morning Sunshine Orange Juice Blend 2.5 L,Del Monte,5.99,,,,$5.99,,2026-08-13T00:00:00-04:00,2026-08-19T23:59:59-04:00,,1498.06,-84.61,1775.73,-383.52,http://f.wishabi.net/page_items/430043159/1786320962/extra_large.jpg
FreshCo,8075629,1032100850,Dempster's Hot Dog or Hamburger Buns 8 pk,Dempster's®,2.69,,,,$2.69,,2026-08-13T00:00:00-04:00,2026-08-19T23:59:59-04:00,,2412.73,-2086.98,2685.42,-2418.97,http://f.wishabi.net/page_items/430043195/1786320972/extra_large.jpg
FreshCo,8075629,1032100849,Dempster's White or Whole Wheat Bread 675 g or Sourdough English Muffins 6 pk,Dempster's®,2.79,,,,$2.79,,2026-08-13T00:00:00-04:00,2026-08-19T23:59:59-04:00,,2962.56,-2085.82,3238.87,-2419.1,http://f.wishabi.net/page_items/430043194/1786320971/extra_large.jpg
FreshCo,8075629,1032100904,Depend Pads 52-58 pk or Underwear 12-19 pk or Poise Pads or Liners 22-66 pk Selected Varieties,Depend | Poise,18.99,,,,$18.99,,2026-08-13T00:00:00-04:00,2026-08-19T23:59:59-04:00,,8176.54,-1441.66,8434.93,-1788.93,http://f.wishabi.net/page_items/430043250/1786320965/extra_large.jpg
FreshCo,8075629,1032100906,Dove Antiperspirant Spray 107-113 g Selected Varieties,Dove,8.99,,,,$8.99,,2026-08-13T00:00:00-04:00,2026-08-19T23:59:59-04:00,,8176.82,-1793.69,8434.85,-2140.76,http://f.wishabi.net/page_items/430043252/1786320966/extra_large.jpg
FreshCo,8075629,1032100843,"Eggplant, Green or Grey Zucchini Product of Ontario 3.95/kg",,1.79,,,,$1.79,,2026-08-13T00:00:00-04:00,2026-08-19T23:59:59-04:00,,2963.07,-425.16,3237.76,-749.69,http://f.wishabi.net/page_items/430043188/1786320967/extra_large.jpg
FreshCo,8075629,1032100840,Eight Treasures Tilapia Frozen 1.36 kg,Eight Treasures,7.88,,,,$7.88,,2026-08-13T00:00:00-04:00,2026-08-19T23:59:59-04:00,,2412.76,-1424.11,2684.52,-1750.38,http://f.wishabi.net/page_items/430043185/1786320965/extra_large.jpg
FreshCo,8075629,1032100860,"Field Tomatoes Product of Ontario Canada No. 1, 373/kg",,1.69,,,,$1.69,,2026-08-13T00:00:00-04:00,2026-08-19T23:59:59-04:00,,2960.6,-88.62,3511.15,-414.43,http://f.wishabi.net/page_items/430043205/1786320979/extra_large.jpg
FreshCo,8075629,1032100803,Five Roses or Robin Hood Flour 10 kg,Five Roses | Robin Hood,11.97,,,,$11.97,,2026-08-13T00:00:00-04:00,2026-08-19T23:59:59-04:00,,592.5,-1573.68,869.49,-1855.63,http://f.wishabi.net/page_items/430043148/1786320965/extra_large.jpg
FreshCo,8075629,1032100835,Fresh Beef Sirloin Tip Steak Cut From Canada AA Beef or Higher,,12.0,,,,$12.0,,2026-08-13T00:00:00-04:00,2026-08-19T23:59:59-04:00,,2963.21,-1086.2,3239.25,-1417.08,http://f.wishabi.net/page_items/430043180/1786320961/extra_large.jpg
FreshCo,8075629,1032100857,Gala Apples Product of Chile Extra Fancy Grade or Bartlett Pears Product of USA Extra Fancy Grade 4.34/kg,,1.97,,,,$1.97,,2026-08-13T00:00:00-04:00,2026-08-19T23:59:59-04:00,,2412.2,-422.95,2684.6,-747.48,http://f.wishabi.net/page_items/430043202/1786320976/extra_large.jpg
FreshCo,8075629,1032100815,Gay Lea Sour Cream 425-500 mL,Gay Lea,2.79,,,,$2.79,,2026-08-13T00:00:00-04:00,2026-08-19T23:59:59-04:00,,1498.33,-390.88,1775.73,-690.69,http://f.wishabi.net/page_items/430043160/1786320963/extra_large.jpg
FreshCo,8075629,1032100900,General Mills Family Size Cereal 516-778 g,General Mills,4.99,,,,$4.99,,2026-08-13T00:00:00-04:00,2026-08-19T23:59:59-04:00,,6921.47,-2241.74,7556.4,-2503.33,http://f.wishabi.net/page_items/430043245/1786320969/extra_large.jpg
FreshCo,8075629,1032100818,Grace Plantain Chips 85 g or Soda 355 mL,Grace,1.0,,,,$1.0,,2026-08-13T00:00:00-04:00,2026-08-19T23:59:59-04:00,,1224.72,-693.52,1498.42,-994.39,http://f.wishabi.net/page_items/430043163/1786320965/extra_large.jpg
FreshCo,8075629,1032100926,Grandma's Perogies 907 g,Grandma's,9.99,,,,$9.99,,2026-08-13T00:00:00-04:00,2026-08-19T23:59:59-04:00,,9328.76,-1085.37,9587.03,-1436.35,http://f.wishabi.net/page_items/430043272/1786320967/extra_large.jpg
FreshCo,8075629,1032100890,Green Onions or Cilantro Product of Canada,,0.99,,,,$0.99,,2026-08-13T00:00:00-04:00,2026-08-19T23:59:59-04:00,,4792.31,-932.27,5322.08,-1431.43,http://f.wishabi.net/page_items/430043235/1786320966/extra_large.jpg
FreshCo,8075629,1032100806,"Green Seedless Grapes Product of USA, No. 1 Grade 4.39/kg",,1.99,,,,$1.99,,2026-08-13T00:00:00-04:00,2026-08-19T23:59:59-04:00,,597.82,-261.43,1136.6,-704.94,http://f.wishabi.net/page_items/430043151/1786320966/extra_large.jpg
FreshCo,8075629,1032100886,Green or Yellow Beans Product of Ontario 5.49/kg,,2.49,,,,$2.49,,2026-08-13T00:00:00-04:00,2026-08-19T23:59:59-04:00,,4789.22,-1436.17,5315.36,-1963.96,http://f.wishabi.net/page_items/430043231/1786320963/extra_large.jpg
FreshCo,8075629,1032100928,Grona Cream Crackers 210 g or Roshen Milk Baked Do Kavi Cookies 185 g,Grona | Roshen,5.0,,,,$5.0,,2026-08-13T00:00:00-04:00,2026-08-19T23:59:59-04:00,,9069.78,-1794.87,9326.86,-2143.15,http://f.wishabi.net/page_items/430043274/1786320968/extra_large.jpg
FreshCo,8075629,1032100925,"Grona Cream Crackers or Cookies 295-336 g Selected Varieties, Roshen Wafer Rolls or Jaffa Cakes 140-156 g",Grona | Roshen,2.0,,,,$2.0,,2026-08-13T00:00:00-04:00,2026-08-19T23:59:59-04:00,,9328.89,-1796.94,9587.07,-2144.83,http://f.wishabi.net/page_items/430043271/1786320966/extra_large.jpg
FreshCo,8075629,1032100830,Heinz Ketchup 750 mL or Kraft Miracle Whip 650-890 mL,Heinz | Kraft,5.0,,,,$5.0,,2026-08-13T00:00:00-04:00,2026-08-19T23:59:59-04:00,,1223.33,-1083.33,1591.21,-1421.16,http://f.wishabi.net/page_items/430043175/1786320972/extra_large.jpg
FreshCo,8075629,1032100856,Hostess Snack Cakes 202-206 g,Hostess,2.69,,,,$2.69,,2026-08-13T00:00:00-04:00,2026-08-19T23:59:59-04:00,,2683.14,-2087.05,2959.66,-2419.45,http://f.wishabi.net/page_items/430043201/1786320976/extra_large.jpg
FreshCo,8075629,1032100911,Huggies Natural Care Wipes 560-704 pk,Huggies,21.99,,,,$21.99,,2026-08-13T00:00:00-04:00,2026-08-19T23:59:59-04:00,,7651.98,-1083.11,7915.32,-1437.15,http://f.wishabi.net/page_items/430043257/1786320970/extra_large.jpg
FreshCo,8075629,1032100922,Huggies Pull-Ups 48-74 pk or Goodnites Youth Pants 28-44 pk Selected Varieties,Huggies | Goodnites,26.99,,,,$26.99,,2026-08-13T00:00:00-04:00,2026-08-19T23:59:59-04:00,,7648.66,-754.4,8200.02,-1071.4,http://f.wishabi.net/page_items/430043268/1786320978/extra_large.jpg
FreshCo,8075629,1032100918,Huggies Snug & Dry or Little Movers Diapers 42-104 pk,Huggies,26.99,,,,$26.99,,2026-08-13T00:00:00-04:00,2026-08-19T23:59:59-04:00,,7648.63,-380.49,8185.64,-753.14,http://f.wishabi.net/page_items/430043264/1786320975/extra_large.jpg
FreshCo,8075629,1032100812,Häagen-Dazs Ice Cream 400-450 mL or Novelties 3-4 pk,Häagen-Dazs,5.0,,,,$5.0,,2026-08-13T00:00:00-04:00,2026-08-19T23:59:59-04:00,,1777.2,-390.19,2053.47,-689.76,http://f.wishabi.net/page_items/430043157/1786320961/extra_large.jpg
FreshCo,8075629,1032100851,"Iceberg Lettuce Product of Canada, Canada No. 1",,1.99,,,,$1.99,,2026-08-13T00:00:00-04:00,2026-08-19T23:59:59-04:00,,3238.36,-422.93,3512.65,-751.06,http://f.wishabi.net/page_items/430043196/1786320972/extra_large.jpg
FreshCo,8075629,1032100875,Imperial Margarine 800 g,Imperial,4.99,,,,$4.99,,2026-08-13T00:00:00-04:00,2026-08-19T23:59:59-04:00,,3597.36,-1088.46,3870.88,-1418.79,http://f.wishabi.net/page_items/430043220/1786320971/extra_large.jpg
FreshCo,8075629,1032100885,Kale Bunch Product of Ontario,,1.99,,,,$1.99,,2026-08-13T00:00:00-04:00,2026-08-19T23:59:59-04:00,,5140.09,-1973.35,5489.63,-2499.54,http://f.wishabi.net/page_items/430043230/1786320963/extra_large.jpg
FreshCo,8075629,1032100872,Kellogg's Cheez-It Crackers 191-200 g or Pringles Super Stacks 148-156 g,Kellogg's | Pringles,2.49,,,,$2.49,,2026-08-13T00:00:00-04:00,2026-08-19T23:59:59-04:00,,3596.14,-421.88,3963.85,-748.43,http://f.wishabi.net/page_items/430043217/1786320969/extra_large.jpg
FreshCo,8075629,1032100876,Kellogg's Core Bars 125-384 g,Kellogg's,2.49,,,,$2.49,,2026-08-13T00:00:00-04:00,2026-08-19T23:59:59-04:00,,4147.31,-84.88,4699.3,-412.56,http://f.wishabi.net/page_items/430043221/1786320972/extra_large.jpg
FreshCo,8075629,1032100868,Kicking Horse Whole Bean Coffee 454 g,Kicking Horse Coffee,17.99,,,,$17.99,,2026-08-13T00:00:00-04:00,2026-08-19T23:59:59-04:00,,4426.13,-1420.08,4698.15,-1744.5,http://f.wishabi.net/page_items/430043213/1786320966/extra_large.jpg
FreshCo,8075629,1032100933,Konti Bonjour Desserts 232 g,Konti,3.99,,,,$3.99,,2026-08-13T00:00:00-04:00,2026-08-19T23:59:59-04:00,,9588.47,-1445.32,9850.24,-1792.87,http://f.wishabi.net/page_items/430043277/1786320970/extra_large.jpg
FreshCo,8075629,1032100862,Lady Speed Stick 45-70 g or Men's Speed Stick Deodorant or Antiperspirant 76-85 g Selected Varieties,Speed Stick,3.99,,,,$3.99,,2026-08-13T00:00:00-04:00,2026-08-19T23:59:59-04:00,,3597.22,-2085.6,3961.55,-2418.59,http://f.wishabi.net/page_items/430043207/1786320962/extra_large.jpg
FreshCo,8075629,1032100838,Lemons or Clementines 2 lb 907 g Product of South Africa,,4.99,,,,$4.99,,2026-08-13T00:00:00-04:00,2026-08-19T23:59:59-04:00,,2412.15,-754.32,2685.14,-1081.95,http://f.wishabi.net/page_items/430043183/1786320963/extra_large.jpg
FreshCo,8075629,1032100810,Lou's Peameal Bacon Cured Boneless Pork Loin Rolled in Cornmeal 6.59/kg,LOU'S,2.99,,,,$2.99,,2026-08-13T00:00:00-04:00,2026-08-19T23:59:59-04:00,,313.15,-1575.56,590.61,-1855.97,http://f.wishabi.net/page_items/430043155/1786320969/extra_large.jpg
FreshCo,8075629,1032100836,Maple Lodge or Zabiha Halal Chicken Bologna or Wieners 375-450 g,Maple Lodge | Zabiha Halal,2.49,,,,$2.49,,2026-08-13T00:00:00-04:00,2026-08-19T23:59:59-04:00,,2412.55,-1085.49,2684.93,-1417.97,http://f.wishabi.net/page_items/430043181/1786320962/extra_large.jpg
FreshCo,8075629,1032100880,Marie Callender's Frozen Entrees 312-349 g or Healthy Choice Simply Steamers 259-280 g,Marie Callender's | Healthy Choice,3.99,,,,$3.99,,2026-08-13T00:00:00-04:00,2026-08-19T23:59:59-04:00,,4333.66,-1754.98,4696.77,-2082.45,http://f.wishabi.net/page_items/430043225/1786320974/extra_large.jpg
FreshCo,8075629,1032100831,Mars Singles Chocolate Bars 30-57 g Selected Varieties,Mars,0.99,,,,$0.99,,2026-08-13T00:00:00-04:00,2026-08-19T23:59:59-04:00,,1588.11,-1087.97,1958.73,-1420.89,http://f.wishabi.net/page_items/430043176/1786320973/extra_large.jpg
FreshCo,8075629,1032100824,Mazola Corn or Canola Oil 2.84 L,Mazola,9.88,,,,$9.88,,2026-08-13T00:00:00-04:00,2026-08-19T23:59:59-04:00,,1225.36,-84.58,1498.26,-385.34,http://f.wishabi.net/page_items/430043169/1786320968/extra_large.jpg
FreshCo,8075629,1032100846,Mina Halal Air-Chilled Chicken Thighs Bone-In 12 pk,Mina,16.0,,,,$16.0,,2026-08-13T00:00:00-04:00,2026-08-19T23:59:59-04:00,,3240.15,-1086.03,3513.25,-1417.12,http://f.wishabi.net/page_items/430043191/1786320969/extra_large.jpg
FreshCo,8075629,1032100841,"Mini Seedless Cucumbers 6 pk Product of Ontario, Canada No. 1 or Grape Tomatoes 283 g Product of Canada or Mexico",,2.99,,,,$2.99,,2026-08-13T00:00:00-04:00,2026-08-19T23:59:59-04:00,,2962.65,-754.72,3238.7,-1081.89,http://f.wishabi.net/page_items/430043186/1786320966/extra_large.jpg
FreshCo,8075629,1032100821,"Minute Maid, Five Alive or Fuze Iced Tea Beverages 8x200 ml or 10x200 ml",Minute Maid | Five Alive | Fuze,3.29,,,,$3.29,,2026-08-13T00:00:00-04:00,2026-08-19T23:59:59-04:00,,1960.97,-1424.39,2331.68,-1762.56,http://f.wishabi.net/page_items/430043166/1786320967/extra_large.jpg
FreshCo,8075629,1032100799,Natrel Lactose Free Milk 2 L Selected Varieties,Natrel,4.99,,,,$4.99,,2026-08-13T00:00:00-04:00,2026-08-19T23:59:59-04:00,,312.06,-1857.3,590.38,-2137.39,http://f.wishabi.net/page_items/430043144/1786320962/extra_large.jpg
FreshCo,8075629,1032100941,Natural Bakery Rye Bread 500 g,Natural Bakery,2.79,,,,$2.79,,2026-08-13T00:00:00-04:00,2026-08-19T23:59:59-04:00,,8802.85,-378.94,9316.86,-743.8,http://f.wishabi.net/page_items/430043285/1786320976/extra_large.jpg
FreshCo,8075629,1032100899,Nature Valley Granola Bars or Betty Crocker Fruit Snacks or Gushers Selected Varieties 120-230 g,Nature Valley | Betty Crocker,2.49,,,,$2.49,,2026-08-13T00:00:00-04:00,2026-08-19T23:59:59-04:00,,6914.48,-1996.23,7551.95,-2239.75,http://f.wishabi.net/page_items/430043244/1786320969/extra_large.jpg
FreshCo,8075629,1032100813,Nescafé Rich Instant Coffee 100-170 g or Sweet & Creamy 18 pk,Nescafe,6.44,,,,$6.44,,2026-08-13T00:00:00-04:00,2026-08-19T23:59:59-04:00,,1777.22,-83.32,2053.1,-382.47,http://f.wishabi.net/page_items/430043158/1786320962/extra_large.jpg
FreshCo,8075629,1032100823,Nestlé Cerelac Baby Cereal 400 g,Nestle,7.99,,,,$7.99,,2026-08-13T00:00:00-04:00,2026-08-19T23:59:59-04:00,,1221.5,-1764.07,1589.24,-2101.96,http://f.wishabi.net/page_items/430043168/1786320968/extra_large.jpg
FreshCo,8075629,1032100907,Nestlé Gerber Baby Snacks 42 g or Arrowroot Biscuits 155 g,Nestle,2.49,,,,$2.49,,2026-08-13T00:00:00-04:00,2026-08-19T23:59:59-04:00,,7916.18,-1081.69,8176.52,-1434.85,http://f.wishabi.net/page_items/430043253/1786320967/extra_large.jpg
FreshCo,8075629,1032100912,"Nestlé Gerber Yogurt Melts 28 g, Get'ems! Crackers 64-142 g or Biscuits 150 g or Cerelac Snacks 150-160 g",Nestle,4.99,,,,$4.99,,2026-08-13T00:00:00-04:00,2026-08-19T23:59:59-04:00,,8434.25,-1081.68,8697.77,-1435.51,http://f.wishabi.net/page_items/430043258/1786320970/extra_large.jpg
FreshCo,8075629,1032100910,Nestlé Gerber or Cerelac Baby Cereal 180-227 g,Nestle,4.99,,,,$4.99,,2026-08-13T00:00:00-04:00,2026-08-19T23:59:59-04:00,,8176.67,-1080.46,8434.33,-1434.98,http://f.wishabi.net/page_items/430043256/1786320969/extra_large.jpg
FreshCo,8075629,1032100902,Nestlé Parlour Vanilla Dipped Bars 16 pk Nestlé Drumstick Value Size 10 pk iÖGO Nanö Frozen Yogurt Pops 16 pk Nestlé Share Pack 9 pk,Nestlé | iÖGO,7.77,,,,$7.77,,2026-08-13T00:00:00-04:00,2026-08-19T23:59:59-04:00,,6005.44,-1000.62,6928.99,-1463.54,http://f.wishabi.net/page_items/430043247/1786320970/extra_large.jpg
FreshCo,8075629,1032100943,New Zealand Spring Lamb Banjo Style Bone-In Lamb Shoulder Frozen 15.41/kg,New Zealand Spring Lamb,6.99,,,,$6.99,,2026-08-13T00:00:00-04:00,2026-08-19T23:59:59-04:00,,9325.43,-384.27,9845.16,-768.75,http://f.wishabi.net/page_items/430043287/1786320978/extra_large.jpg
FreshCo,8075629,1032100909,Nivea Shower Gel or Body Wash 500 mL or Solid or Roll-on Deodorant 50 mL Selected Varieties,Nivea,3.99,,,,$3.99,,2026-08-13T00:00:00-04:00,2026-08-19T23:59:59-04:00,,7915.59,-1795.19,8175.3,-2143.19,http://f.wishabi.net/page_items/430043255/1786320968/extra_large.jpg
FreshCo,8075629,1032100826,Nutella Hazelnut or Peanut Spread 375 g,Nutella,4.49,,,,$4.49,,2026-08-13T00:00:00-04:00,2026-08-19T23:59:59-04:00,,1961.6,-1764.46,2332.35,-2100.6,http://f.wishabi.net/page_items/430043171/1786320970/extra_large.jpg
FreshCo,8075629,1032100901,Old El Paso Dinner Kits 250-510 g,Old El Paso,3.99,,,,$3.99,,2026-08-13T00:00:00-04:00,2026-08-19T23:59:59-04:00,,6561.64,-2005.41,6903.97,-2313.11,http://f.wishabi.net/page_items/430043246/1786320970/extra_large.jpg
FreshCo,8075629,1032100884,Ontario Garlic 115 g Product of Ontario,,2.99,,,,$2.99,,2026-08-13T00:00:00-04:00,2026-08-19T23:59:59-04:00,,4787.91,-1974.41,5143.67,-2499.02,http://f.wishabi.net/page_items/430043229/1786320962/extra_large.jpg
FreshCo,8075629,1032100820,Pace Salsa 642 mL,Pace,3.99,,,,$3.99,,2026-08-13T00:00:00-04:00,2026-08-19T23:59:59-04:00,,1588.17,-1424.81,1958.3,-1760.55,http://f.wishabi.net/page_items/430043165/1786320966/extra_large.jpg
FreshCo,8075629,1032100920,Pampers Baby Wipes 56-72 pk,Pampers,3.49,,,,$3.49,,2026-08-13T00:00:00-04:00,2026-08-19T23:59:59-04:00,,8199.09,-753.58,8697.98,-1068.18,http://f.wishabi.net/page_items/430043266/1786320976/extra_large.jpg
FreshCo,8075629,1032100919,Pampers Easy Ups 46-66 pk,Pampers,26.99,,,,$26.99,,2026-08-13T00:00:00-04:00,2026-08-19T23:59:59-04:00,,8189.18,-381.23,8698.97,-746.84,http://f.wishabi.net/page_items/430043265/1786320976/extra_large.jpg
FreshCo,8075629,1032100832,Pampers Super Pack Diapers 44-102 pk Selected Varieties,Pampers,32.99,,,,$32.99,,2026-08-13T00:00:00-04:00,2026-08-19T23:59:59-04:00,,1587.53,-1763.34,1958.74,-2100.75,http://f.wishabi.net/page_items/430043177/1786320974/extra_large.jpg
FreshCo,8075629,1032100896,Panache Ice Cream 1 L,Panache,4.49,,,,$4.49,,2026-08-13T00:00:00-04:00,2026-08-19T23:59:59-04:00,,7117.79,-1474.95,7491.96,-1955.3,http://f.wishabi.net/page_items/430043241/1786320967/extra_large.jpg
FreshCo,8075629,1032100894,Panache Ice Cream Bars 4 pk,Panache,4.49,,,,$4.49,,2026-08-13T00:00:00-04:00,2026-08-19T23:59:59-04:00,,6744.19,-1474.02,7116.9,-1959.59,http://f.wishabi.net/page_items/430043239/1786320966/extra_large.jpg
FreshCo,8075629,1032100913,Pantene Shampoo or Conditioner 476-530 mL,Pantene,7.99,,,,$7.99,,2026-08-13T00:00:00-04:00,2026-08-19T23:59:59-04:00,,8435.01,-1442.23,8697.31,-1790.18,http://f.wishabi.net/page_items/430043259/1786320971/extra_large.jpg
FreshCo,8075629,1032100878,Pepperidge Farm Goldfish Crackers 167-227 g or Kettle Brand Chips 156-198 g,Pepperidge Farm | Kettle Brand,2.49,,,,$2.49,,2026-08-13T00:00:00-04:00,2026-08-19T23:59:59-04:00,,3959.62,-755.87,4330.73,-1079.19,http://f.wishabi.net/page_items/430043223/1786320973/extra_large.jpg
FreshCo,8075629,1032100903,Pillsbury Pizza Pops 4 pk/390 g Selected Varieties,Pillsbury,2.49,,,,$2.49,,2026-08-13T00:00:00-04:00,2026-08-19T23:59:59-04:00,,5935.15,-2309.63,6713.31,-2506.06,http://f.wishabi.net/page_items/430043248/1786320971/extra_large.jpg
FreshCo,8075629,1032100934,R&S Roasted Buckwheat 908 g or Semki XXL Roasted Sunflower Seeds 300 g,R&S | Semki,4.0,,,,$4.0,,2026-08-13T00:00:00-04:00,2026-08-19T23:59:59-04:00,,8807.73,-1794.32,9068.6,-2144.35,http://f.wishabi.net/page_items/430043278/1786320971/extra_large.jpg
FreshCo,8075629,1032100801,Rose Brand Jasmine White Scented Rice 8 kg,ROSE BRAND,15.98,,,,$15.98,,2026-08-13T00:00:00-04:00,2026-08-19T23:59:59-04:00,,405.75,-1284.9,772.01,-1570.35,http://f.wishabi.net/page_items/430043146/1786320963/extra_large.jpg
FreshCo,8075629,1032100927,Royal Meats Chevapi 800 g-1 kg,Royal Meats,15.99,,,,$15.99,,2026-08-13T00:00:00-04:00,2026-08-19T23:59:59-04:00,,9068.93,-1085.28,9327.51,-1434.82,http://f.wishabi.net/page_items/430043273/1786320968/extra_large.jpg
FreshCo,8075629,1032100828,Rustica Pizza Selected Varieties 577-866 g or Pan Pizza 542-690 g,Rustica,6.49,,,,$6.49,,2026-08-13T00:00:00-04:00,2026-08-19T23:59:59-04:00,,2053.54,-388.69,2329.03,-688.48,http://f.wishabi.net/page_items/430043173/1786320971/extra_large.jpg
FreshCo,8075629,1032100930,S&F Cream Crackers 200 g,S&F,1.49,,,,$1.49,,2026-08-13T00:00:00-04:00,2026-08-19T23:59:59-04:00,,9587.82,-1797.76,9849.03,-2146.76,http://f.wishabi.net/page_items/430043275/1786320969/extra_large.jpg
FreshCo,8075629,1032100865,Scotties Facial Tissue 9 pk,Scotties,9.99,,,,$9.99,,2026-08-13T00:00:00-04:00,2026-08-19T23:59:59-04:00,,4333.29,-2086.67,4698.66,-2418.28,http://f.wishabi.net/page_items/430043210/1786320964/extra_large.jpg
FreshCo,8075629,1032100852,"Seedless Cucumbers Product of Ontario, Canada No. 1",,1.49,,,,$1.49,,2026-08-13T00:00:00-04:00,2026-08-19T23:59:59-04:00,,3239.68,-756.2,3513.17,-1082.28,http://f.wishabi.net/page_items/430043197/1786320973/extra_large.jpg
FreshCo,8075629,1032100923,Sesame Snaps Bars Original or Peanut 30 g,Sesame Snaps,0.5,,,,$0.5,,2026-08-13T00:00:00-04:00,2026-08-19T23:59:59-04:00,,9328.01,-1442.82,9588.08,-1792.41,http://f.wishabi.net/page_items/430043269/1786320965/extra_large.jpg
FreshCo,8075629,1032100867,Siggi's Yogurt 650-750 g,Siggi's,6.49,,,,$6.49,,2026-08-13T00:00:00-04:00,2026-08-19T23:59:59-04:00,,3868.87,-1089.37,4147.88,-1417.58,http://f.wishabi.net/page_items/430043212/1786320966/extra_large.jpg
FreshCo,8075629,1032100874,Softsoap Hand Soap 332 mL or Irish Spring Soap Bars 3 pk,Softsoap | Irish Spring,3.99,,,,$3.99,,2026-08-13T00:00:00-04:00,2026-08-19T23:59:59-04:00,,3597.13,-1758.56,3960.41,-2081.89,http://f.wishabi.net/page_items/430043219/1786320970/extra_large.jpg
FreshCo,8075629,1032100921,Softsoap or Irish Spring Body Wash 591 mL or Irish Spring Soap Bars 6 pk,Softsoap | Irish Spring,4.99,,,,$4.99,,2026-08-13T00:00:00-04:00,2026-08-19T23:59:59-04:00,,7653.0,-1797.22,7914.3,-2143.45,http://f.wishabi.net/page_items/430043267/1786320977/extra_large.jpg
FreshCo,8075629,1032100942,Sorbelicious Dubai Frozen Dessert Bars 600 mL,Sorbelicious,8.99,,,,$8.99,,2026-08-13T00:00:00-04:00,2026-08-19T23:59:59-04:00,,8806.89,-2151.09,9146.02,-2495.42,http://f.wishabi.net/page_items/430043286/1786320977/extra_large.jpg
FreshCo,8075629,1032100817,Sorbelicious Sorbet Bars 8 pk,Sorbelicious,5.99,,,,$5.99,,2026-08-13T00:00:00-04:00,2026-08-19T23:59:59-04:00,,1225.68,-390.88,1498.55,-689.87,http://f.wishabi.net/page_items/430043162/1786320964/extra_large.jpg
FreshCo,8075629,1032100888,Spinach or Methi Bunch Product of Canada,,1.99,,,,$1.99,,2026-08-13T00:00:00-04:00,2026-08-19T23:59:59-04:00,,5315.36,-1438.17,5840.59,-1963.74,http://f.wishabi.net/page_items/430043233/1786320965/extra_large.jpg
FreshCo,8075629,1032100883,Sunflower Bouquet 5-Stem,,5.49,,,,$5.49,,2026-08-13T00:00:00-04:00,2026-08-19T23:59:59-04:00,,5488.75,-1973.71,5844.6,-2497.66,http://f.wishabi.net/page_items/430043228/1786320962/extra_large.jpg
FreshCo,8075629,1032100936,Svalya Quark Bar 120 g,Svalya,4.99,,,,$4.99,,2026-08-13T00:00:00-04:00,2026-08-19T23:59:59-04:00,,9151.6,-2152.48,9497.29,-2496.35,http://f.wishabi.net/page_items/430043280/1786320973/extra_large.jpg
FreshCo,8075629,1032100848,Sweet Bell Peppers 4 pk Product of Canada,,3.99,,,,$3.99,,2026-08-13T00:00:00-04:00,2026-08-19T23:59:59-04:00,,2684.71,-755.36,2959.79,-1082.99,http://f.wishabi.net/page_items/430043193/1786320970/extra_large.jpg
FreshCo,8075629,1032100842,Swiss Chalet or Montana's Pork Back Ribs Fully Cooked 600-650 g,Swiss Chalet | Montana's,12.99,,,,$12.99,,2026-08-13T00:00:00-04:00,2026-08-19T23:59:59-04:00,,2963.3,-1423.72,3239.52,-1749.92,http://f.wishabi.net/page_items/430043187/1786320966/extra_large.jpg
FreshCo,8075629,1032100905,Tampax Radiant or Pearl Tampons 28-36 pk Selected Varieties,Tampax,11.99,,,,$11.99,,2026-08-13T00:00:00-04:00,2026-08-19T23:59:59-04:00,,7916.59,-1440.96,8175.46,-1790.53,http://f.wishabi.net/page_items/430043251/1786320965/extra_large.jpg
FreshCo,8075629,1032100844,The Laughing Cow Cheese 133 g or Dippers 140 g,The Laughing Cow,2.99,,,,$2.99,,2026-08-13T00:00:00-04:00,2026-08-19T23:59:59-04:00,,2412.46,-1754.59,2684.97,-2081.76,http://f.wishabi.net/page_items/430043189/1786320968/extra_large.jpg
FreshCo,8075629,1032100877,Timothy's Coffee K-Cups 30 pk,Timothy's,14.99,,,,$14.99,,2026-08-13T00:00:00-04:00,2026-08-19T23:59:59-04:00,,4423.6,-1090.03,4699.89,-1414.92,http://f.wishabi.net/page_items/430043222/1786320972/extra_large.jpg
FreshCo,8075629,1032100802,Tostitos 205-300 g Cheetos 170-285 g or SunChips 205 g,Tostitos | Cheetos | SunChips,2.99,,,,$2.99,,2026-08-13T00:00:00-04:00,2026-08-19T23:59:59-04:00,,870.42,-1853.05,1141.64,-2137.2,http://f.wishabi.net/page_items/430043147/1786320964/extra_large.jpg
FreshCo,8075629,1032100853,Tre Stelle Romano or Grana Padano Cheese Wedge 200 g Selected Varieties,Tre Stelle,8.99,,,,$8.99,,2026-08-13T00:00:00-04:00,2026-08-19T23:59:59-04:00,,3240.76,-1753.79,3513.58,-2081.82,http://f.wishabi.net/page_items/430043198/1786320974/extra_large.jpg
FreshCo,8075629,1032100915,"U by Kotex Pads 14-22 pk, Liners 64 pk or Tampons 16 pk Selected Varieties",U by Kotex,4.99,,,,$4.99,,2026-08-13T00:00:00-04:00,2026-08-19T23:59:59-04:00,,7653.22,-1442.95,7915.17,-1791.6,http://f.wishabi.net/page_items/430043261/1786320972/extra_large.jpg
FreshCo,8075629,1032100864,Unico Beans or Tomatoes 540-796 mL or Primo Pasta Sauce 680 mL,Unico | Primo,1.79,,,,$1.79,,2026-08-13T00:00:00-04:00,2026-08-19T23:59:59-04:00,,3868.09,-1420.94,4145.84,-1745.47,http://f.wishabi.net/page_items/430043209/1786320964/extra_large.jpg
FreshCo,8075629,1032100940,Vici Pancakes 500 g,Vici,5.99,,,,$5.99,,2026-08-13T00:00:00-04:00,2026-08-19T23:59:59-04:00,,9501.88,-2156.27,9847.06,-2494.81,http://f.wishabi.net/page_items/430043284/1786320976/extra_large.jpg
FreshCo,8075629,1032454623,WK02_ALLBANNERS_Empire_SceneScotia_eFlyer_NoEndDate.pdf,,,,,,,,2026-08-13T00:00:00-04:00,2026-08-19T23:59:59-04:00,,9922.0,-6.54,15019.3,-2559.46,http://f.wishabi.net/page_items/430296830/1786452097/extra_large.jpg
FreshCo,8075629,1032100800,"Yellow Flesh Peaches Product of Ontario Canada No. I, 3.17/kg",,1.44,,,,$1.44,,2026-08-13T00:00:00-04:00,2026-08-19T23:59:59-04:00,,603.16,-706.04,1138.88,-1155.63,http://f.wishabi.net/page_items/430043145/1786320963/extra_large.jpg
FreshCo,8075629,1032100839,Zabiha Halal Breaded Chicken Frozen 700-800 g Selected Varieties,Zabiha Halal,9.99,,,,$9.99,,2026-08-13T00:00:00-04:00,2026-08-19T23:59:59-04:00,,2684.2,-1422.23,2960.04,-1748.47,http://f.wishabi.net/page_items/430043184/1786320964/extra_large.jpg
FreshCo,8075629,1032100825,Zonnic 4 mg 120 pk,ZONNIC,64.95,,,,$64.95,,2026-08-13T00:00:00-04:00,2026-08-19T23:59:59-04:00,,2054.02,-692.12,2329.12,-995.85,http://f.wishabi.net/page_items/430043170/1786320969/extra_large.jpg
FreshCo,8075629,1032100829,iÖGO nanö Drinks 6 pk Yogourt,Iögo,3.29,,,,$3.29,,2026-08-13T00:00:00-04:00,2026-08-19T23:59:59-04:00,,1961.07,-1088.25,2330.62,-1420.53,http://f.wishabi.net/page_items/430043174/1786320972/extra_large.jpg
